trig,re,eu,tp,slm,tr_n,tr_wr,tr_total,tr_tpd,tr_worst,te_n,te_wr,te_total,te_tpd,te_worst,both_pos
15min,6,10,1.0,mid,81,0.3950617283950617,-3.530506241435612,0.7788461538461539,-1.0,41,0.4634146341463415,6.159656948931797,0.8367346938775511,-1.0,False
15min,6,10,1.0,far,81,0.5555555555555556,6.269387032994194,0.7788461538461539,-1.0,41,0.5609756097560976,3.3258255875778753,0.8367346938775511,-1.0,True
15min,6,10,1.25,mid,81,0.38271604938271603,1.4716870074325712,0.7788461538461539,-1.0,41,0.4634146341463415,11.498889063176188,0.8367346938775511,-1.0,True
15min,6,10,1.25,far,81,0.5432098765432098,10.960960542318599,0.7788461538461539,-1.0,41,0.5609756097560976,6.963780869909362,0.8367346938775511,-1.0,True
15min,6,10,1.5,mid,81,0.35802469135802467,2.5560374059938002,0.7788461538461539,-1.0,41,0.4146341463414634,7.552049302519461,0.8367346938775511,-1.0,True
15min,6,10,1.5,far,81,0.5061728395061729,10.290925756452019,0.7788461538461539,-1.0,41,0.4878048780487805,2.578526438518235,0.8367346938775511,-1.0,True
15min,6,10,2.0,mid,81,0.345679012345679,-0.8869649550592236,0.7788461538461539,-1.0,41,0.4146341463414634,10.636036831606772,0.8367346938775511,-1.0,False
15min,6,10,2.0,far,81,0.48148148148148145,10.45699114656193,0.7788461538461539,-1.0,41,0.4634146341463415,2.5775428303864034,0.8367346938775511,-1.0,True
15min,6,12,1.0,mid,93,0.40860215053763443,0.9818817316136998,0.8942307692307693,-1.0,46,0.45652173913043476,6.315970873992547,0.9387755102040817,-1.0,True
15min,6,12,1.0,far,93,0.5698924731182796,8.894490895190867,0.8942307692307693,-1.0,46,0.5652173913043478,4.082014326158788,0.9387755102040817,-1.0,True
15min,6,12,1.25,mid,93,0.3870967741935484,4.719534768287986,0.8942307692307693,-1.0,46,0.45652173913043476,12.230541011486894,0.9387755102040817,-1.0,True
15min,6,12,1.25,far,93,0.5376344086021505,11.100559115202397,0.8942307692307693,-1.0,46,0.5652173913043478,8.28674605077745,0.9387755102040817,-1.0,True
15min,6,12,1.5,mid,93,0.3655913978494624,6.643311698896966,0.8942307692307693,-1.0,46,0.41304347826086957,8.195465956712685,0.9387755102040817,-1.0,True
15min,6,12,1.5,far,93,0.5053763440860215,11.169227733041378,0.8942307692307693,-1.0,46,0.5,4.101565004905023,0.9387755102040817,-1.0,True
15min,6,12,2.0,mid,93,0.3548387096774194,3.1341770733149072,0.8942307692307693,-1.0,46,0.41304347826086957,11.279453485799996,0.9387755102040817,-1.0,True
15min,6,12,2.0,far,93,0.4731182795698925,10.570516653984154,0.8942307692307693,-1.0,46,0.4782608695652174,3.583458109101781,0.9387755102040817,-1.0,True
15min,6,14,1.0,mid,101,0.42574257425742573,3.9934367663667754,0.9711538461538461,-1.0,47,0.46808510638297873,6.356538825311003,0.9591836734693877,-1.0,True
15min,6,14,1.0,far,101,0.5841584158415841,11.021029206384862,0.9711538461538461,-1.0,47,0.574468085106383,4.102632882859816,0.9591836734693877,-1.0,True
15min,6,14,1.25,mid,101,0.40594059405940597,7.4636923490098965,0.9711538461538461,-1.0,47,0.46808510638297873,12.271108962805348,0.9591836734693877,-1.0,True
15min,6,14,1.25,far,101,0.5544554455445545,12.777880031611089,0.9711538461538461,-1.0,47,0.574468085106383,8.307364607478478,0.9591836734693877,-1.0,True
15min,6,14,1.5,mid,101,0.38613861386138615,9.805786111302016,0.9711538461538461,-1.0,47,0.425531914893617,8.236033908031139,0.9591836734693877,-1.0,True
15min,6,14,1.5,far,101,0.5247524752475248,13.074311452684556,0.9711538461538461,-1.0,47,0.5106382978723404,4.122183561606052,0.9591836734693877,-1.0,True
15min,6,14,2.0,mid,101,0.37623762376237624,6.331304951066505,0.9711538461538461,-1.0,47,0.425531914893617,11.320021437118454,0.9591836734693877,-1.0,True
15min,6,14,2.0,far,101,0.49504950495049505,12.141368567697453,0.9711538461538461,-1.0,47,0.48936170212765956,3.6040766658028094,0.9591836734693877,-1.0,True
15min,7,10,1.0,mid,75,0.37333333333333335,-9.311021002837002,0.7211538461538461,-1.0,32,0.53125,11.208391823146783,0.6530612244897959,-1.0,False
15min,7,10,1.0,far,75,0.5066666666666667,-2.2279652315123077,0.7211538461538461,-1.0,32,0.625,4.939608457100111,0.6530612244897959,-1.0,False
15min,7,10,1.25,mid,75,0.37333333333333335,-2.5908109156993344,0.7211538461538461,-1.0,32,0.5,14.147054939343535,0.6530612244897959,-1.0,False
15min,7,10,1.25,far,75,0.5066666666666667,3.3686555160062177,0.7211538461538461,-1.0,32,0.59375,6.851020288848962,0.6530612244897959,-1.0,True
15min,7,10,1.5,mid,75,0.37333333333333335,1.8473462441459283,0.7211538461538461,-1.0,32,0.4375,12.657097527257834,0.6530612244897959,-1.0,True
15min,7,10,1.5,far,75,0.49333333333333335,4.490302849200811,0.7211538461538461,-1.0,32,0.5,2.995275425858906,0.6530612244897959,-1.0,True
15min,7,10,2.0,mid,75,0.36,-1.7400975223735182,0.7211538461538461,-1.0,32,0.4375,14.553836501978427,0.6530612244897959,-1.0,False
15min,7,10,2.0,far,75,0.4666666666666667,2.852355552950634,0.7211538461538461,-1.0,32,0.46875,3.5852132292187653,0.6530612244897959,-1.0,True
15min,7,12,1.0,mid,91,0.4065934065934066,-0.617018579656083,0.875,-1.0,39,0.5128205128205128,11.146471260049712,0.7959183673469388,-1.0,False
15min,7,12,1.0,far,91,0.5384615384615384,3.0414343753129334,0.875,-1.0,39,0.6153846153846154,5.773989273654205,0.7959183673469388,-1.0,True
15min,7,12,1.25,mid,91,0.3956043956043956,6.134054907820591,0.875,-1.0,39,0.48717948717948717,14.38683372265158,0.7959183673469388,-1.0,True
15min,7,12,1.25,far,91,0.5164835164835165,6.8442675677130715,0.875,-1.0,39,0.5897435897435898,8.096804078936627,0.7959183673469388,-1.0,True
15min,7,12,1.5,mid,91,0.38461538461538464,9.286341450973879,0.875,-1.0,39,0.4358974358974359,12.808641016448394,0.7959183673469388,-1.0,True
15min,7,12,1.5,far,91,0.4945054945054945,6.461530928498384,0.875,-1.0,39,0.5128205128205128,4.44113260146527,0.7959183673469388,-1.0,True
15min,7,12,2.0,mid,91,0.37362637362637363,5.6646125536832965,0.875,-1.0,39,0.4358974358974359,14.70537999116899,0.7959183673469388,-1.0,True
15min,7,12,2.0,far,91,0.46153846153846156,4.5457352676562195,0.875,-1.0,39,0.48717948717948717,4.513947117153719,0.7959183673469388,-1.0,True
15min,7,14,1.0,mid,101,0.42574257425742573,3.209944754267637,0.9711538461538461,-1.0,44,0.5,9.29392757241326,0.8979591836734694,-1.0,True
15min,7,14,1.0,far,101,0.5445544554455446,3.6603102027937027,0.9711538461538461,-1.0,44,0.5909090909090909,4.240479389988259,0.8979591836734694,-1.0,True
15min,7,14,1.25,mid,101,0.4158415841584158,9.693620787713144,0.9711538461538461,-1.0,44,0.45454545454545453,11.251629702473512,0.8979591836734694,-1.0,True
15min,7,14,1.25,far,101,0.5247524752475248,7.317497428979957,0.9711538461538461,-1.0,44,0.5454545454545454,5.737606121876114,0.8979591836734694,-1.0,True
15min,7,14,1.5,mid,101,0.40594059405940597,13.26422416254957,0.9711538461538461,-1.0,44,0.4090909090909091,9.673436996270324,0.8979591836734694,-1.0,True
15min,7,14,1.5,far,101,0.504950495049505,7.162523592999758,0.9711538461538461,-1.0,44,0.4772727272727273,2.0819346444047593,0.8979591836734694,-1.0,True
15min,7,14,2.0,mid,101,0.39603960396039606,9.677148730605536,0.9711538461538461,-1.0,44,0.4090909090909091,11.570175970990919,0.8979591836734694,-1.0,True
15min,7,14,2.0,far,101,0.4752475247524752,4.912496126227714,0.9711538461538461,-1.0,44,0.45454545454545453,2.1547491600932087,0.8979591836734694,-1.0,True
15min,8,10,1.0,mid,54,0.42592592592592593,-2.938336973288453,0.5192307692307693,-1.0,26,0.5769230769230769,11.219591637847621,0.5306122448979592,-1.0,False
15min,8,10,1.0,far,54,0.5,-2.7117769968837586,0.5192307692307693,-1.0,26,0.6538461538461539,5.440378740214064,0.5306122448979592,-1.0,False
15min,8,10,1.25,mid,54,0.42592592592592593,1.7688171780750377,0.5192307692307693,-1.0,26,0.5384615384615384,12.765019058240782,0.5306122448979592,-1.0,True
15min,8,10,1.25,far,54,0.5,0.8224462197507103,0.5192307692307693,-1.0,26,0.6153846153846154,6.194450512006039,0.5306122448979592,-1.0,True
15min,8,10,1.5,mid,54,0.42592592592592593,3.1680658845406313,0.5192307692307693,-1.0,26,0.5,13.09902230598235,0.5306122448979592,-1.0,True
15min,8,10,1.5,far,54,0.5,1.4833502448908265,0.5192307692307693,-1.0,26,0.5769230769230769,5.2983445873635455,0.5306122448979592,-1.0,True
15min,8,10,2.0,mid,54,0.4074074074074074,-0.5862107762494224,0.5192307692307693,-1.0,26,0.46153846153846156,10.529023106311872,0.5306122448979592,-1.0,False
15min,8,10,2.0,far,54,0.48148148148148145,-0.572804405392918,0.5192307692307693,-1.0,26,0.5384615384615384,4.613957367333304,0.5306122448979592,-1.0,False
15min,8,12,1.0,mid,79,0.45569620253164556,5.708070179290591,0.7596153846153846,-1.0,35,0.5142857142857142,9.16285714610534,0.7142857142857143,-1.0,True
15min,8,12,1.0,far,79,0.5189873417721519,-0.32093533481369096,0.7596153846153846,-1.0,35,0.6571428571428571,7.2087728584576585,0.7142857142857143,-1.0,False
15min,8,12,1.25,mid,79,0.4430379746835443,9.903149723553035,0.7596153846153846,-1.0,35,0.4857142857142857,11.004926902264923,0.7142857142857143,-1.0,True
15min,8,12,1.25,far,79,0.5063291139240507,3.0166766267841325,0.7596153846153846,-1.0,35,0.6285714285714286,8.372907855612498,0.7142857142857143,-1.0,True
15min,8,12,1.5,mid,79,0.43037974683544306,9.833821636694536,0.7596153846153846,-1.0,35,0.45714285714285713,11.748905819106247,0.7142857142857143,-1.0,True
15min,8,12,1.5,far,79,0.4936708860759494,2.8622957351218643,0.7596153846153846,-1.0,35,0.6,7.950535568317885,0.7142857142857143,-1.0,True
15min,8,12,2.0,mid,79,0.4177215189873418,6.079544975904486,0.7596153846153846,-1.0,35,0.42857142857142855,9.38571927150396,0.7142857142857143,-1.0,True
15min,8,12,2.0,far,79,0.46835443037974683,-0.03744660442109815,0.7596153846153846,-1.0,35,0.5714285714285714,6.639831954468399,0.7142857142857143,-1.0,False
15min,8,14,1.0,mid,95,0.47368421052631576,11.42663328652084,0.9134615384615384,-1.0,41,0.5121951219512195,7.692479063564378,0.8367346938775511,-1.0,True
15min,8,14,1.0,far,95,0.5263157894736842,0.34946451007296386,0.9134615384615384,-1.0,41,0.6585365853658537,6.315915468715212,0.8367346938775511,-1.0,True
15min,8,14,1.25,mid,95,0.4631578947368421,15.714539263740832,0.9134615384615384,-1.0,41,0.4634146341463415,8.251888487182342,0.8367346938775511,-1.0,True
15min,8,14,1.25,far,95,0.5157894736842106,3.707401523645661,0.9134615384615384,-1.0,41,0.6097560975609756,6.654362392475486,0.8367346938775511,-1.0,True
15min,8,14,1.5,mid,95,0.45263157894736844,15.228892221270982,0.9134615384615384,-1.0,41,0.43902439024390244,8.995867404023667,0.8367346938775511,-1.0,True
15min,8,14,1.5,far,95,0.5052631578947369,3.53126035668984,0.9134615384615384,-1.0,41,0.5853658536585366,6.231990105180871,0.8367346938775511,-1.0,True
15min,8,14,2.0,mid,95,0.4421052631578947,11.509269025827479,0.9134615384615384,-1.0,41,0.4146341463414634,6.632680856421382,0.8367346938775511,-1.0,True
15min,8,14,2.0,far,95,0.4842105263157895,0.7938732419336969,0.9134615384615384,-1.0,41,0.5609756097560976,4.921286491331385,0.8367346938775511,-1.0,True
30min,6,10,1.0,mid,77,0.4025974025974026,-4.858284125612106,0.7403846153846154,-1.0,39,0.48717948717948717,7.700614734333295,0.7959183673469388,-1.0,False
30min,6,10,1.0,far,77,0.5844155844155844,5.425674298405038,0.7403846153846154,-1.0,39,0.5897435897435898,5.163184871644897,0.7959183673469388,-1.0,True
30min,6,10,1.25,mid,77,0.37662337662337664,-1.2699863140520886,0.7403846153846154,-1.0,39,0.48717948717948717,12.988513044501737,0.7959183673469388,-1.0,False
30min,6,10,1.25,far,77,0.5584415584415584,9.582277007619602,0.7403846153846154,-1.0,39,0.5897435897435898,8.777498739337092,0.7959183673469388,-1.0,True
30min,6,10,1.5,mid,77,0.35064935064935066,-0.8284822235372982,0.7403846153846154,-1.0,39,0.4358974358974359,8.402626285663668,0.7959183673469388,-1.0,False
30min,6,10,1.5,far,77,0.5194805194805194,9.285910524660334,0.7403846153846154,-1.0,39,0.5128205128205128,4.368602893306675,0.7959183673469388,-1.0,True
30min,6,10,2.0,mid,77,0.33766233766233766,-1.1268014322611322,0.7403846153846154,-1.0,39,0.4358974358974359,12.114282718915547,0.7959183673469388,-1.0,False
30min,6,10,2.0,far,77,0.4935064935064935,8.968774328036012,0.7403846153846154,-1.0,39,0.48717948717948717,4.35100433001213,0.7959183673469388,-1.0,True
30min,6,12,1.0,mid,90,0.4111111111111111,-0.978691559808774,0.8653846153846154,-1.0,45,0.4888888888888889,8.944308707737378,0.9183673469387755,-1.0,False
30min,6,12,1.0,far,90,0.5777777777777777,6.338622489881665,0.8653846153846154,-1.0,45,0.6,6.628908674515392,0.9183673469387755,-1.0,True
30min,6,12,1.25,mid,90,0.37777777777777777,1.25824330017414,0.8653846153846154,-1.0,45,0.4888888888888889,14.669120935748762,0.9183673469387755,-1.0,True
30min,6,12,1.25,far,90,0.5444444444444444,9.344495132236151,0.8653846153846154,-1.0,45,0.6,10.726839640111473,0.9183673469387755,-1.0,True
30min,6,12,1.5,mid,90,0.34444444444444444,-0.3730194920994485,0.8653846153846154,-1.0,45,0.4444444444444444,10.490983254401478,0.9183673469387755,-1.0,False
30min,6,12,1.5,far,90,0.5,8.194810663956588,0.8653846153846154,-1.0,45,0.5333333333333333,6.790824961248912,0.9183673469387755,-1.0,True
30min,6,12,2.0,mid,90,0.3333333333333333,-0.6713387008232825,0.8653846153846154,-1.0,45,0.4444444444444444,14.464632307579564,0.9183673469387755,-1.0,False
30min,6,12,2.0,far,90,0.4777777777777778,8.742715442384164,0.8653846153846154,-1.0,45,0.5111111111111111,6.70529010215286,0.9183673469387755,-1.0,True
30min,6,14,1.0,mid,100,0.42,-0.7707247685413674,0.9615384615384616,-1.0,47,0.48936170212765956,9.002742017546861,0.9591836734693877,-1.0,False
30min,6,14,1.0,far,100,0.59,7.986169803236196,0.9615384615384616,-1.0,47,0.5957446808510638,6.675711198202467,0.9591836734693877,-1.0,True
30min,6,14,1.25,mid,100,0.39,1.090019615251045,0.9615384615384616,-1.0,47,0.48936170212765956,14.727554245558249,0.9591836734693877,-1.0,True
30min,6,14,1.25,far,100,0.56,10.721219262906184,0.9615384615384616,-1.0,47,0.5957446808510638,10.773642163798549,0.9591836734693877,-1.0,True
30min,6,14,1.5,mid,100,0.36,-0.23171936749875632,0.9615384615384616,-1.0,47,0.44680851063829785,10.549416564210965,0.9591836734693877,-1.0,False
30min,6,14,1.5,far,100,0.52,8.870687918911406,0.9615384615384616,-1.0,47,0.5319148936170213,6.837627484935988,0.9591836734693877,-1.0,True
30min,6,14,2.0,mid,100,0.35,-1.2443242905082257,0.9615384615384616,-1.0,47,0.44680851063829785,14.523065617389047,0.9591836734693877,-1.0,False
30min,6,14,2.0,far,100,0.5,8.977416226750782,0.9615384615384616,-1.0,47,0.5106382978723404,6.752092625839936,0.9591836734693877,-1.0,True
30min,7,10,1.0,mid,70,0.38571428571428573,-8.032090219401674,0.6730769230769231,-1.0,30,0.5666666666666667,11.395837294928132,0.6122448979591837,-1.0,False
30min,7,10,1.0,far,70,0.5285714285714286,-1.9299631094361942,0.6730769230769231,-1.0,30,0.6666666666666666,6.308856301304896,0.6122448979591837,-1.0,False
30min,7,10,1.25,mid,70,0.37142857142857144,-3.645054826892263,0.6730769230769231,-1.0,30,0.5333333333333333,11.685651452312023,0.6122448979591837,-1.0,False
30min,7,10,1.25,far,70,0.5142857142857142,2.0533265896930004,0.6730769230769231,-1.0,30,0.6333333333333333,6.288441443257856,0.6122448979591837,-1.0,True
30min,7,10,1.5,mid,70,0.37142857142857144,-0.5061902117083168,0.6730769230769231,-1.0,30,0.5,12.289480539850857,0.6122448979591837,-1.0,False
30min,7,10,1.5,far,70,0.5,2.8052521870262357,0.6730769230769231,-1.0,30,0.5666666666666667,4.299851338664066,0.6122448979591837,-1.0,True
30min,7,10,2.0,mid,70,0.34285714285714286,-3.567711702958393,0.6730769230769231,-1.0,30,0.4666666666666667,12.280969111080793,0.6122448979591837,-1.0,False
30min,7,10,2.0,far,70,0.45714285714285713,0.35166962234608157,0.6730769230769231,-1.0,30,0.5,2.810432513420587,0.6122448979591837,-1.0,True
30min,7,12,1.0,mid,87,0.42528735632183906,0.1028243704073688,0.8365384615384616,-1.0,38,0.5526315789473685,12.423269459965487,0.7755102040816326,-1.0,True
30min,7,12,1.0,far,87,0.5517241379310345,2.079604442463223,0.8365384615384616,-1.0,38,0.6578947368421053,7.853666511624688,0.7755102040816326,-1.0,True
30min,7,12,1.25,mid,87,0.39080459770114945,1.004029092729783,0.8365384615384616,-1.0,38,0.5263157894736842,12.884020091583265,0.7755102040816326,-1.0,True
30min,7,12,1.25,far,87,0.5172413793103449,3.1605238777548372,0.8365384615384616,-1.0,38,0.631578947368421,8.165208763390304,0.7755102040816326,-1.0,True
30min,7,12,1.5,mid,87,0.3793103448275862,1.9443404702368294,0.8365384615384616,-1.0,38,0.5,13.895598256612885,0.7755102040816326,-1.0,True
30min,7,12,1.5,far,87,0.4942528735632184,2.9223946452245055,0.8365384615384616,-1.0,38,0.5789473684210527,6.649499825964369,0.7755102040816326,-1.0,True
30min,7,12,2.0,mid,87,0.3563218390804598,-0.7909778124570472,0.8365384615384616,-1.0,38,0.47368421052631576,14.14907944776903,0.7755102040816326,-1.0,False
30min,7,12,2.0,far,87,0.45977011494252873,1.777305436548648,0.8365384615384616,-1.0,38,0.5263157894736842,5.092144704919384,0.7755102040816326,-1.0,True
30min,7,14,1.0,mid,100,0.44,2.3969532826047337,0.9615384615384616,-1.0,44,0.5,9.15288265372082,0.8979591836734694,-1.0,True
30min,7,14,1.0,far,100,0.56,2.965305535972016,0.9615384615384616,-1.0,44,0.5909090909090909,5.407135701978413,0.8979591836734694,-1.0,True
30min,7,14,1.25,mid,100,0.41,1.868446401975984,0.9615384615384616,-1.0,44,0.4772727272727273,9.613633285338597,0.8979591836734694,-1.0,True
30min,7,14,1.25,far,100,0.53,3.451456438627053,0.9615384615384616,-1.0,44,0.5681818181818182,5.718677953744031,0.8979591836734694,-1.0,True
30min,7,14,1.5,mid,100,0.4,3.11828158900682,0.9615384615384616,-1.0,44,0.45454545454545453,10.625211450368223,0.8979591836734694,-1.0,True
30min,7,14,1.5,far,100,0.51,2.5124803303815053,0.9615384615384616,-1.0,44,0.5227272727272727,4.202969016318097,0.8979591836734694,-1.0,True
30min,7,14,2.0,mid,100,0.38,-0.33132240797269974,0.9615384615384616,-1.0,44,0.4318181818181818,10.87869264152436,0.8979591836734694,-1.0,False
30min,7,14,2.0,far,100,0.48,0.9262146511174463,0.9615384615384616,-1.0,44,0.4772727272727273,2.6456138952731116,0.8979591836734694,-1.0,True
30min,8,10,1.0,mid,49,0.40816326530612246,-2.2857860704709987,0.47115384615384615,-1.0,23,0.5652173913043478,8.899937982639013,0.46938775510204084,-1.0,False
30min,8,10,1.0,far,49,0.4897959183673469,-1.94209668632528,0.47115384615384615,-1.0,23,0.6086956521739131,3.4153008148409065,0.46938775510204084,-1.0,False
30min,8,10,1.25,mid,49,0.3877551020408163,-0.6045719200452866,0.47115384615384615,-1.0,23,0.5652173913043478,12.69820499225222,0.46938775510204084,-1.0,False
30min,8,10,1.25,far,49,0.46938775510204084,-0.41175979215931946,0.47115384615384615,-1.0,23,0.6086956521739131,5.544469115133356,0.46938775510204084,-1.0,False
30min,8,10,1.5,mid,49,0.3673469387755102,-1.2419715744636384,0.47115384615384615,-1.0,23,0.4782608695652174,9.189639144014464,0.46938775510204084,-1.0,False
30min,8,10,1.5,far,49,0.4489795918367347,-0.3071877441441173,0.47115384615384615,-1.0,23,0.5217391304347826,2.4346464702106325,0.46938775510204084,-1.0,False
30min,8,10,2.0,mid,49,0.3469387755102041,-5.170123059477124,0.47115384615384615,-1.0,23,0.4782608695652174,9.939762598216223,0.46938775510204084,-1.0,False
30min,8,10,2.0,far,49,0.42857142857142855,-1.8707527951400293,0.47115384615384615,-1.0,23,0.5217391304347826,2.8442835412298137,0.46938775510204084,-1.0,False
30min,8,12,1.0,mid,75,0.4533333333333333,5.3609126369004905,0.7211538461538461,-1.0,34,0.5,7.399653161612397,0.6938775510204082,-1.0,True
30min,8,12,1.0,far,75,0.52,0.5434939811984734,0.7211538461538461,-1.0,34,0.6176470588235294,5.346422964958247,0.6938775510204082,-1.0,True
30min,8,12,1.25,mid,75,0.4266666666666667,6.192054166002542,0.7211538461538461,-1.0,34,0.5,11.863981942214819,0.6938775510204082,-1.0,True
30min,8,12,1.25,far,75,0.49333333333333335,0.9127037631850063,0.7211538461538461,-1.0,34,0.6176470588235294,8.091712713280119,0.6938775510204082,-1.0,True
30min,8,12,1.5,mid,75,0.4,4.263364031340469,0.7211538461538461,-1.0,34,0.4411764705882353,9.159635759703136,0.6938775510204082,-1.0,True
30min,8,12,1.5,far,75,0.4666666666666667,0.6134126313309434,0.7211538461538461,-1.0,34,0.5588235294117647,5.676078430884966,0.6938775510204082,-1.0,True
30min,8,12,2.0,mid,75,0.38666666666666666,0.6447363558506707,0.7211538461538461,-1.0,34,0.4411764705882353,10.352928304419486,0.6938775510204082,-1.0,True
30min,8,12,2.0,far,75,0.4533333333333333,0.8064469969454242,0.7211538461538461,-1.0,34,0.5588235294117647,5.898210224479396,0.6938775510204082,-1.0,True
30min,8,14,1.0,mid,94,0.4787234042553192,10.88389378471686,0.9038461538461539,-1.0,40,0.475,5.487635134466617,0.8163265306122449,-1.0,True
30min,8,14,1.0,far,94,0.5425531914893617,2.9337865423922196,0.9038461538461539,-1.0,40,0.575,3.3817076161477098,0.8163265306122449,-1.0,True
30min,8,14,1.25,mid,94,0.4574468085106383,10.72795343643927,0.9038461538461539,-1.0,40,0.475,9.951963915069037,0.8163265306122449,-1.0,True
30min,8,14,1.25,far,94,0.5212765957446809,2.983417633531996,0.9038461538461539,-1.0,40,0.575,6.126997364469582,0.8163265306122449,-1.0,True
30min,8,14,1.5,mid,94,0.43617021276595747,8.82103091660112,0.9038461538461539,-1.0,40,0.425,7.247617732557359,0.8163265306122449,-1.0,True
30min,8,14,1.5,far,94,0.5,1.841219965322689,0.9038461538461539,-1.0,40,0.525,3.7113630820744294,0.8163265306122449,-1.0,True
30min,8,14,2.0,mid,94,0.425531914893617,5.302185959710494,0.9038461538461539,-1.0,40,0.425,8.440910277273707,0.8163265306122449,-1.0,True
30min,8,14,2.0,far,94,0.48936170212765956,2.3182549578988443,0.9038461538461539,-1.0,40,0.525,3.933494875668858,0.8163265306122449,-1.0,True
